Rank,Player ID,Player Name,Team,Position,Rush,Rush Yds,Rush TDs,0-9 RushTDs,10-19 RushTDs,20-29 RushTDs,30-39 RushTDs,40-49 RushTDs,50+ RushTDs,>= 50yds,>= 100yds,Tgt,RZTgt,Rec,Rec Yds,Rec TDs,>= 50yds,>= 100yds,Kick Ret Yds,Fum Lost,Scoring Opps,Pts
1,16161,"Robinson, Bijan",ATL,RB,293.9,1451.0,10.6,8.2,0.9,0.0,0.5,0.0,1.0,14.6,6.8,92.3,11.5,69.7,635.0,2.8,2.5,1.3,0.0,1.8,32.9,287.5
2,14802,"Taylor, Jonathan",IND,RB,336.7,1545.0,15.1,10.0,1.2,1.5,0.0,0.5,1.9,14.7,10.6,52.5,4.6,37.9,283.0,1.6,1.1,0.6,5.0,1.3,43.4,281.1
3,16162,"Gibbs, Jahmyr",DET,RB,222.6,1156.0,13.6,7.4,2.8,0.4,0.4,1.3,1.3,13.1,2.3,79.1,13.0,61.4,562.0,4.2,2.2,1.1,0.0,1.0,32.0,276.4
4,15715,"Cook, James",BUF,RB,287.0,1423.0,12.6,8.4,0.7,0.2,0.0,2.8,0.6,14.2,6.6,44.5,3.1,34.6,283.0,1.8,1.1,0.6,0.0,2.8,39.4,251.5
5,13130,"McCaffrey, Christian",SFO,RB,255.6,1005.0,6.5,5.8,0.7,0.0,0.0,0.0,0.0,11.8,2.0,103.1,19.7,81.2,725.0,6.3,4.7,1.5,0.0,0.7,38.1,248.6
6,12626,"Henry, Derrick",BAL,RB,264.4,1487.0,13.3,9.7,0.0,2.1,0.4,1.2,0.0,13.4,9.7,17.3,3.1,12.8,135.0,0.4,0.5,0.3,0.0,2.1,32.1,240.4
7,16167,"Achane, De'Von",MIA,RB,210.2,1112.0,6.5,2.3,1.2,0.7,0.3,1.3,0.8,12.9,2.2,81.2,11.2,63.1,459.0,4.1,1.8,0.9,0.0,0.2,26.4,220.3
8,13604,"Barkley, Saquon",PHI,RB,274.3,1299.0,8.5,2.7,1.8,0.8,0.4,0.0,2.9,12.1,8.6,43.7,5.6,29.7,246.0,1.2,1.0,0.5,0.0,1.0,29.4,213.3
9,15710,"Williams, Kyren",LAR,RB,253.2,1177.0,9.4,9.4,0.0,0.0,0.0,0.0,0.0,12.5,2.4,45.4,9.5,31.4,236.0,2.8,0.9,0.5,0.0,1.9,29.2,210.3
10,16181,"Brown, Chase",CIN,RB,233.0,1003.0,6.2,5.3,0.5,0.0,0.4,0.0,0.0,12.0,2.0,84.3,12.6,64.7,429.0,4.6,1.7,0.9,0.0,0.5,29.9,207.3
11,17042,"Jeanty, Ashton",LVR,RB,288.4,1047.0,5.2,3.7,0.0,0.0,0.0,0.0,1.5,10.0,2.1,88.2,9.8,66.4,424.0,4.5,1.7,0.8,6.0,0.2,23.5,205.0
12,14073,"Jacobs, Josh",GBP,RB,241.3,989.0,12.6,11.0,0.5,0.0,0.4,0.7,0.0,11.1,2.0,39.6,5.0,30.3,258.0,1.1,1.0,0.5,50.0,1.9,35.5,202.7
13,17044,"Hampton, Omarion",LAC,RB,241.6,987.0,8.6,7.1,0.3,0.3,0.0,0.0,1.0,7.9,2.0,55.9,6.0,46.7,249.0,2.1,1.0,0.5,47.0,0.0,26.3,187.7
14,15256,"Williams, Javonte",DAL,RB,237.6,1075.0,9.5,7.8,1.1,0.0,0.6,0.0,0.0,12.5,2.2,50.6,10.8,33.6,158.0,1.1,0.6,0.3,0.0,1.6,29.6,183.9
15,15253,"Etienne, Travis",NOS,RB,249.9,975.0,6.6,3.0,1.5,0.7,0.7,0.6,0.0,11.4,1.9,55.4,6.0,40.0,288.0,2.6,1.2,0.6,0.0,0.3,27.8,180.4
16,15711,"Walker III, Kenneth",KCC,RB,235.9,1053.0,6.3,5.3,0.7,0.0,0.0,0.0,0.3,10.6,2.1,48.7,6.9,37.0,279.0,1.6,1.1,0.6,64.0,0.4,23.1,179.4
17,17045,"Skattebo, Cam",NYG,RB,192.6,825.0,6.1,3.7,1.4,0.5,0.3,0.3,0.0,9.0,1.6,60.9,7.3,46.6,407.0,3.5,1.6,0.8,68.0,1.7,22.9,179.1
18,15708,"Hall, Breece",NYJ,RB,229.0,989.0,4.6,2.3,0.8,0.6,0.0,0.0,0.9,12.3,2.0,60.3,11.2,41.9,388.0,1.9,1.6,0.8,0.0,1.4,16.8,175.4
19,17052,"Tuten, Bhayshul",JAC,RB,186.1,787.0,9.3,8.1,0.0,0.8,0.0,0.3,0.0,5.5,1.6,35.2,6.0,26.7,188.0,3.7,0.8,0.4,93.0,0.3,25.6,175.1
20,14797,"Swift, D'Andre",CHI,RB,222.9,1003.0,7.9,5.2,1.1,0.7,0.4,0.0,0.4,11.7,2.0,42.5,0.6,30.3,268.0,0.1,1.1,0.5,0.0,0.6,24.7,173.8
21,16598,"Irving, Bucky",TBB,RB,231.1,968.0,4.9,3.2,1.7,0.0,0.0,0.0,0.0,12.0,1.9,53.0,8.0,43.1,344.0,2.3,1.4,0.7,80.0,1.0,22.5,172.5
22,17472,"Love, Jeremiyah",ARI,RB,199.8,877.0,5.5,5.1,0.0,0.0,0.0,0.0,0.4,7.8,1.8,66.2,7.1,52.0,400.0,1.7,1.6,0.8,21.0,0.7,19.4,170.8
23,15261,"Hubbard, Chuba",CAR,RB,208.1,842.0,8.0,6.9,0.6,0.5,0.0,0.0,0.0,8.7,1.7,54.3,7.4,37.7,247.0,2.1,1.0,0.5,30.0,1.4,22.5,167.7
24,15259,"Stevenson, Rhamondre",NEP,RB,173.4,767.0,6.7,3.7,0.5,0.7,0.5,0.0,1.2,5.9,1.5,44.4,4.7,35.1,356.0,2.6,1.4,0.7,20.0,2.3,20.9,164.2
25,15742,"Warren, Jaylen",PIT,RB,196.2,889.0,5.6,3.6,0.2,0.0,0.0,1.8,0.0,10.9,1.8,48.8,5.8,40.8,320.0,1.3,1.3,0.6,219.0,0.0,22.2,162.3
26,17043,"Henderson, TreVeyon",NEP,RB,196.5,867.0,7.5,4.7,0.0,0.2,0.0,0.0,2.6,6.2,1.7,44.0,3.7,36.0,252.0,1.1,1.0,0.5,205.0,0.5,20.2,161.9
27,17051,"Judkins, Quinshon",CLE,RB,267.1,912.0,6.2,5.6,0.0,0.0,0.0,0.4,0.2,4.3,1.8,59.2,3.6,41.8,269.0,0.2,1.1,0.5,93.0,0.0,23.4,159.3
28,14085,"Pollard, Tony",TEN,RB,256.4,1108.0,4.6,2.7,0.5,0.5,0.5,0.0,0.5,12.9,2.2,52.7,1.9,36.1,211.0,0.0,0.8,0.4,0.0,2.2,14.9,156.0
29,14071,"Montgomery, David",HOU,RB,211.5,851.0,6.5,4.6,0.4,0.7,0.8,0.0,0.0,3.4,1.7,38.9,4.9,30.5,218.0,1.3,0.9,0.4,0.0,0.7,27.4,153.3
30,17066,"Monangai, Kyle",CHI,RB,195.1,800.0,5.4,5.4,0.0,0.0,0.0,0.0,0.0,3.2,1.6,45.7,5.3,28.3,263.0,0.0,1.1,0.5,1.0,0.0,21.4,144.0
31,14823,"Dowdle, Rico",PIT,RB,188.2,821.0,4.4,4.4,0.0,0.0,0.0,0.0,0.0,5.3,1.6,48.6,4.1,37.7,294.0,1.2,1.2,0.6,354.0,1.4,15.6,142.3
32,16169,"Charbonnet, Zach",SEA,RB,140.7,637.0,9.7,7.6,1.1,0.9,0.0,0.0,0.0,3.3,1.3,22.6,2.9,18.8,167.0,0.0,0.7,0.3,0.0,0.0,23.6,140.1
33,17068,"Harvey, RJ",DEN,RB,129.1,481.0,4.9,3.6,0.0,0.0,0.6,0.7,0.0,1.9,1.0,58.3,9.1,45.7,346.0,4.6,1.4,0.7,321.0,0.6,15.0,138.8
34,17256,"Croskey-Merritt, Jacory",WAS,RB,167.7,760.0,8.2,4.1,2.6,0.0,0.0,0.2,1.3,3.5,1.5,17.2,0.9,12.7,83.0,0.0,0.3,0.2,42.0,1.3,25.8,131.3
35,14800,"Dobbins, J.K.",DEN,RB,170.7,810.0,5.1,3.7,1.4,0.0,0.0,0.0,0.0,9.8,1.6,33.9,3.6,26.3,145.0,0.5,0.6,0.3,0.0,0.4,14.6,127.9
36,15255,"Gainwell, Kenneth",TBB,RB,114.9,499.0,3.5,3.5,0.0,0.0,0.0,0.0,0.0,2.0,1.0,72.2,13.0,56.9,386.0,2.2,1.5,0.8,413.0,0.6,20.3,121.3
37,13319,"Jones, Aaron",MIN,RB,173.7,750.0,3.3,2.7,0.6,0.0,0.0,0.0,0.0,8.2,1.5,51.7,9.6,33.1,213.0,1.1,0.9,0.4,0.0,1.7,11.5,119.2
38,16593,"Corum, Blake",LAR,RB,161.3,750.0,4.2,2.9,0.9,0.0,0.0,0.5,0.0,3.0,1.5,18.2,0.0,14.7,100.0,0.0,0.4,0.2,258.0,0.0,17.7,110.4
39,17053,"Marks, Woody",HOU,RB,193.3,705.0,2.3,1.5,0.8,0.0,0.0,0.0,0.0,2.8,1.4,31.5,6.7,20.2,163.0,1.5,0.7,0.3,0.0,0.9,17.3,107.5
40,16747,"Tracy, Tyrone",NYG,RB,140.0,555.0,2.3,0.8,0.9,0.0,0.5,0.0,0.0,5.8,1.1,35.3,3.1,25.7,211.0,1.2,0.8,0.4,65.0,0.1,10.4,97.3
41,15972,"Mason, Jordan",MIN,RB,136.4,660.0,4.0,3.0,0.9,0.0,0.0,0.0,0.0,2.6,1.3,17.3,1.8,13.6,57.0,0.2,0.2,0.1,0.0,0.5,9.1,96.0
42,16165,"Spears, Tyjae",TEN,RB,100.7,400.0,3.4,2.7,0.7,0.0,0.0,0.0,0.0,1.6,0.8,64.1,8.3,53.6,307.0,0.2,1.2,0.6,132.0,0.0,11.9,92.3
43,15712,"Allgeier, Tyler",ARI,RB,118.7,432.0,4.1,2.8,0.6,0.6,0.0,0.0,0.0,1.7,0.9,33.3,5.2,23.8,185.0,0.3,0.7,0.4,64.0,0.0,12.2,88.4
44,15721,"White, Rachaad",WAS,RB,132.6,555.0,2.4,2.4,0.0,0.0,0.0,0.0,0.0,2.2,1.1,40.7,8.6,32.4,175.0,0.0,0.7,0.4,7.0,0.4,17.8,86.8
45,15749,"Pacheco, Isiah",DET,RB,127.2,493.0,2.2,1.7,0.0,0.0,0.5,0.0,0.0,2.0,1.0,24.9,2.7,18.8,118.0,0.5,0.5,0.2,0.0,0.0,12.0,77.9
46,16757,"Vidal, Kimani",LAC,RB,138.1,505.0,2.4,1.6,0.0,0.0,0.0,0.0,0.8,2.0,1.0,19.6,4.9,13.1,118.0,0.2,0.5,0.2,217.0,0.0,12.8,77.8
47,17473,"Price, Jadarian",SEA,RB,134.5,500.0,1.9,1.9,0.0,0.0,0.0,0.0,0.0,2.0,1.0,31.4,3.6,24.5,149.0,0.0,0.6,0.3,56.0,0.4,8.3,77.3
48,14080,"Singletary, Devin",NYG,RB,108.4,345.0,4.5,4.3,0.0,0.2,0.0,0.0,0.0,1.4,0.7,19.2,0.9,17.2,148.0,0.0,0.6,0.3,402.0,0.0,14.8,76.2
49,16174,"Rodriguez, Chris",JAC,RB,89.6,369.0,3.8,3.8,0.0,0.0,0.0,0.0,0.0,1.5,0.7,9.4,1.4,6.2,49.0,0.7,0.2,0.1,216.0,0.0,14.0,69.1
50,14095,"Johnson, Ty",BUF,RB,47.5,197.0,2.4,2.4,0.0,0.0,0.0,0.0,0.0,0.8,0.4,25.9,2.3,20.3,217.0,2.0,0.9,0.4,281.0,0.0,12.7,67.4
51,13146,"Conner, James",ARI,RB,79.7,352.0,1.6,1.6,0.0,0.0,0.0,0.0,0.0,1.4,0.7,29.3,4.2,22.6,148.0,1.4,0.6,0.3,25.0,0.5,6.8,66.9
52,16164,"Bigsby, Tank",PHI,RB,91.4,437.0,3.0,1.8,0.0,1.2,0.0,0.0,0.0,1.7,0.9,10.1,1.9,7.3,59.0,0.0,0.2,0.1,145.0,0.5,12.0,66.4
53,16610,"Wright, Jaylen",MIA,RB,85.4,361.0,3.2,3.2,0.0,0.0,0.0,0.0,0.0,1.4,0.7,16.1,2.1,10.1,90.0,0.5,0.4,0.2,11.0,1.2,11.3,64.6
54,15716,"Robinson, Brian",ATL,RB,107.6,433.0,2.5,1.3,0.9,0.3,0.0,0.0,0.0,1.7,0.9,13.7,2.9,10.2,54.0,0.0,0.2,0.1,225.0,0.6,6.6,62.5
55,15738,"Davis, Malik",DAL,RB,81.8,377.0,3.2,2.1,0.0,0.0,0.0,1.1,0.0,1.5,0.8,16.1,1.2,10.4,58.0,0.0,0.2,0.1,16.0,0.6,7.0,61.7
56,16166,"Tucker, Sean",TBB,RB,58.9,237.0,4.2,3.9,0.0,0.0,0.0,0.3,0.0,0.9,0.5,8.9,1.5,6.6,57.0,0.7,0.2,0.1,399.0,0.0,13.6,59.3
57,16432,"Wilson, Emanuel",SEA,RB,102.4,404.0,1.3,0.2,1.0,0.0,0.0,0.0,0.0,1.6,0.8,16.6,1.5,12.0,74.0,0.0,0.3,0.1,241.0,0.0,6.4,55.3
58,14086,"Hill, Justice",BAL,RB,39.7,209.0,1.4,0.5,0.4,0.0,0.0,0.0,0.5,0.8,0.4,30.1,1.9,23.6,179.0,1.3,0.7,0.4,190.0,0.0,4.4,55.1
59,13133,"Perine, Samaje",CIN,RB,72.4,301.0,2.4,2.1,0.0,0.0,0.3,0.0,0.0,1.2,0.6,23.2,0.8,17.9,119.0,0.0,0.5,0.2,346.0,1.5,7.7,53.5
60,13132,"Kamara, Alvin",NOS,RB,100.9,355.0,0.8,0.0,0.8,0.0,0.0,0.0,0.0,1.4,0.7,31.7,3.2,25.7,160.0,0.1,0.6,0.3,119.0,1.6,4.5,53.4
61,17047,"Sampson, Dylan",CLE,RB,68.5,247.0,0.0,0.0,0.0,0.0,0.0,0.0,0.0,1.0,0.5,35.8,4.9,28.6,221.0,1.4,0.9,0.4,254.0,1.2,3.5,52.8
62,15258,"Carter, Michael",TEN,RB,76.2,276.0,0.0,0.0,0.0,0.0,0.0,0.0,0.0,1.1,0.6,35.2,5.9,29.7,241.0,0.0,1.0,0.5,31.0,0.0,9.0,51.7
63,17482,"Washington Jr., Mike",LVR,RB,88.0,325.0,0.0,0.0,0.0,0.0,0.0,0.0,0.0,1.3,0.7,35.3,2.2,28.2,189.0,0.0,0.8,0.4,962.0,0.9,6.2,51.0
64,16603,"Davis, Ray",BUF,RB,53.7,225.0,0.9,0.9,0.0,0.0,0.0,0.0,0.0,0.9,0.4,18.9,3.1,14.8,146.0,1.2,0.6,0.3,1521.0,0.0,7.7,50.1
65,17055,"James, Jordan",SFO,RB,43.2,197.0,1.3,0.6,0.6,0.0,0.0,0.0,0.0,0.8,0.4,20.5,4.1,15.2,124.0,1.2,0.5,0.2,129.0,0.0,5.5,46.7
66,16178,"Mitchell, Keaton",LAC,RB,70.2,322.0,0.8,0.3,0.5,0.0,0.0,0.0,0.0,1.3,0.6,13.2,0.0,10.1,51.0,0.0,0.2,0.1,411.0,0.0,4.7,42.3
67,16596,"Allen, Braelon",NYJ,RB,72.4,255.0,1.0,1.0,0.0,0.0,0.0,0.0,0.0,1.0,0.5,19.2,1.6,13.4,98.0,0.2,0.4,0.2,93.0,0.3,6.9,42.0
68,17474,"Johnson, Emmett",KCC,RB,65.6,225.0,0.4,0.4,0.0,0.0,0.0,0.0,0.0,0.9,0.5,26.1,3.1,18.8,158.0,0.0,0.6,0.3,51.0,0.0,4.2,40.9
69,16752,"Davis, Isaiah",NYJ,RB,36.4,205.0,0.4,0.0,0.0,0.4,0.0,0.0,0.0,0.8,0.4,20.5,1.0,14.6,125.0,0.5,0.5,0.2,216.0,0.0,1.5,38.6
70,17477,"Coleman, Jonah",DEN,RB,65.1,202.0,0.6,0.6,0.0,0.0,0.0,0.0,0.0,0.8,0.4,27.8,3.9,16.1,128.0,0.0,0.5,0.3,202.0,0.5,8.8,35.6
71,17069,"Blue, Jaydon",DAL,RB,67.6,241.0,1.1,0.0,1.1,0.0,0.0,0.0,0.0,1.0,0.5,7.9,0.0,5.7,42.0,0.0,0.2,0.1,56.0,0.0,4.7,35.1
72,16597,"Brooks, Jonathon",CAR,RB,73.0,267.0,0.0,0.0,0.0,0.0,0.0,0.0,0.0,1.1,0.5,23.0,6.3,18.6,112.0,0.0,0.4,0.2,186.0,1.5,5.6,34.9
73,16390,"McLaughlin, Jaleel",DEN,RB,52.9,214.0,1.6,1.6,0.0,0.0,0.0,0.0,0.0,0.9,0.4,11.6,1.0,7.2,28.0,0.0,0.1,0.1,59.0,0.0,5.1,34.0
74,11367,"Juszczyk, Kyle",SFO,RB,3.2,-6.4,0.0,0.0,0.0,0.0,0.0,0.0,0.0,0.0,0.0,29.5,6.6,23.1,204.0,2.1,0.8,0.4,0.0,0.0,4.5,32.5
75,13143,"McNichols, Jeremy",WAS,RB,28.2,134.0,0.2,0.0,0.0,0.0,0.0,0.0,0.2,0.5,0.3,27.1,1.8,21.0,158.0,0.0,0.6,0.3,13.0,0.0,3.7,32.0
76,17059,"Gordon, Ollie",MIA,RB,49.0,146.0,1.9,1.9,0.0,0.0,0.0,0.0,0.0,0.6,0.3,8.3,1.2,7.0,35.0,0.6,0.1,0.1,26.0,0.6,6.5,31.9
77,16594,"Benson, Trey",ARI,RB,42.0,233.0,0.0,0.0,0.0,0.0,0.0,0.0,0.0,0.9,0.5,16.3,2.4,12.6,66.0,0.0,0.3,0.1,32.0,0.0,1.3,29.9
78,16385,"Demercado, Emari",KCC,RB,43.8,191.0,0.0,0.0,0.0,0.0,0.0,0.0,0.0,0.8,0.4,15.5,2.1,9.5,74.0,0.7,0.3,0.1,185.0,0.5,3.8,29.6
79,17046,"Neal, Devin",NOS,RB,41.6,137.0,0.9,0.9,0.0,0.0,0.0,0.0,0.0,0.5,0.3,14.8,0.4,11.7,87.0,0.0,0.3,0.2,132.0,0.0,2.1,28.1
80,17062,"Sanders, Raheim",CLE,RB,54.3,193.0,0.7,0.7,0.0,0.0,0.0,0.0,0.0,0.8,0.4,13.2,1.4,8.4,48.0,0.0,0.2,0.1,171.0,0.0,7.4,28.0
81,17485,"Black, Kaelon",SFO,RB,49.9,201.0,0.0,0.0,0.0,0.0,0.0,0.0,0.0,0.8,0.4,16.8,3.9,11.1,78.0,0.0,0.3,0.2,225.0,0.0,2.3,27.9
82,17049,"Smith, Brashard",KCC,RB,26.4,98.0,0.0,0.0,0.0,0.0,0.0,0.0,0.0,0.4,0.2,24.3,4.3,17.3,109.0,1.0,0.4,0.2,286.0,0.0,5.7,26.7
83,16171,"Miller, Kendre",NOS,RB,52.7,187.0,0.2,0.0,0.2,0.0,0.0,0.0,0.0,0.7,0.4,8.5,0.0,7.3,56.0,0.0,0.2,0.1,501.0,0.0,0.5,25.8
84,16387,"Brooks, Chris",GBP,RB,37.3,162.0,0.0,0.0,0.0,0.0,0.0,0.0,0.0,0.6,0.3,16.6,2.3,12.5,90.0,0.0,0.4,0.2,28.0,0.9,3.1,23.6
85,16688,"Guerendo, Isaac",SFO,RB,31.9,131.0,0.3,0.3,0.0,0.0,0.0,0.0,0.0,0.5,0.3,9.5,0.0,8.3,83.0,0.0,0.3,0.2,185.0,0.0,1.7,23.4
86,17337,"Scott, Zavier",MIN,RB,39.9,138.0,0.0,0.0,0.0,0.0,0.0,0.0,0.0,0.6,0.3,15.1,4.0,12.3,83.0,0.2,0.3,0.2,32.0,1.0,4.4,21.3
87,16391,"Luepke, Hunter",DAL,RB,20.4,92.0,0.0,0.0,0.0,0.0,0.0,0.0,0.0,0.4,0.2,14.2,2.4,12.3,108.0,0.2,0.4,0.2,0.0,0.0,3.5,21.3
88,17060,"Giddens, DJ",IND,RB,31.6,118.0,0.3,0.3,0.0,0.0,0.0,0.0,0.0,0.5,0.2,12.8,2.3,9.6,55.0,0.2,0.2,0.1,262.0,0.0,3.4,20.7
89,16773,"Jordan, Jawhar",HOU,RB,51.4,170.0,0.0,0.0,0.0,0.0,0.0,0.0,0.0,0.7,0.3,10.0,1.6,5.8,31.0,0.0,0.1,0.1,124.0,0.0,2.8,20.0
90,15260,"Patterson, Jaret",LAC,RB,39.9,147.0,0.3,0.3,0.0,0.0,0.0,0.0,0.0,0.6,0.3,5.5,0.1,4.1,11.0,0.0,0.0,0.0,144.0,0.0,0.9,17.6
91,17478,"Allen, Kaytron",WAS,RB,42.2,135.0,0.0,0.0,0.0,0.0,0.0,0.0,0.0,0.5,0.3,8.2,0.7,5.8,21.0,0.0,0.1,0.0,179.0,0.0,4.1,17.2
92,16175,"Johnson, Roschon",CHI,RB,15.9,47.0,1.3,1.3,0.0,0.0,0.0,0.0,0.0,0.2,0.1,6.4,1.0,6.4,28.0,0.0,0.1,0.1,53.0,0.0,3.5,15.1
93,14319,"Beck, Andrew",NYJ,RB,0.0,0.0,0.0,0.0,0.0,0.0,0.0,0.0,0.0,0.0,0.0,8.3,1.4,6.1,51.0,1.4,0.2,0.1,0.0,0.0,1.4,13.7
94,17061,"Allen, LeQuint",JAC,RB,18.8,76.0,0.2,0.2,0.0,0.0,0.0,0.0,0.0,0.3,0.2,10.0,2.3,8.1,46.0,0.0,0.2,0.1,463.0,0.0,1.0,13.4
95,16604,"Lloyd, MarShawn",GBP,RB,28.5,110.0,0.0,0.0,0.0,0.0,0.0,0.0,0.0,0.4,0.2,6.9,1.6,4.2,18.0,0.0,0.1,0.0,165.0,0.0,2.0,12.9
96,17481,"Claiborne, Demond",MIN,RB,35.3,110.0,0.0,0.0,0.0,0.0,0.0,0.0,0.0,0.4,0.2,7.8,0.9,6.0,31.0,0.0,0.1,0.1,127.0,0.7,2.3,12.6
97,12155,"Abdullah, Ameer",JAC,RB,11.7,53.0,0.5,0.5,0.0,0.0,0.0,0.0,0.0,0.2,0.1,4.8,0.4,4.5,38.0,0.0,0.2,0.1,133.0,0.0,2.2,12.4
98,16601,"Shipley, Will",PHI,RB,17.5,71.0,0.2,0.2,0.0,0.0,0.0,0.0,0.0,0.3,0.1,8.7,1.0,7.2,41.0,0.0,0.2,0.1,578.0,0.0,1.0,12.3
99,12447,"Mostert, Raheem",LVR,RB,21.2,53.0,0.0,0.0,0.0,0.0,0.0,0.0,0.0,0.2,0.1,10.7,0.9,10.7,65.0,0.0,0.3,0.1,550.0,0.0,0.9,11.8
100,16608,"Holani, George",SEA,RB,21.8,74.0,0.6,0.6,0.0,0.0,0.0,0.0,0.0,0.3,0.1,4.8,0.0,3.1,15.0,0.0,0.1,0.0,370.0,0.7,0.9,11.4
101,14223,"Mattison, Alexander",MIA,RB,25.3,56.0,0.0,0.0,0.0,0.0,0.0,0.0,0.0,0.2,0.1,10.6,1.3,7.9,53.0,0.0,0.2,0.1,0.0,0.0,0.7,10.9
102,16746,"Ali, Rasheen",BAL,RB,14.7,54.0,0.0,0.0,0.0,0.0,0.0,0.0,0.0,0.2,0.1,13.1,1.2,7.3,45.0,0.1,0.2,0.1,500.0,0.0,0.1,10.7
103,15718,"Badie, Tyler",DEN,RB,6.1,24.0,0.0,0.0,0.0,0.0,0.0,0.0,0.0,0.1,0.1,19.7,3.7,12.3,82.0,0.0,0.3,0.2,415.0,0.0,1.1,10.6
104,17048,"Johnson, Kaleb",PIT,RB,32.5,85.0,0.0,0.0,0.0,0.0,0.0,0.0,0.0,0.3,0.2,4.6,0.0,3.3,20.0,0.0,0.1,0.0,225.0,0.0,0.5,10.5
105,15726,"Rivers, Ronnie",LAR,RB,14.5,70.0,0.0,0.0,0.0,0.0,0.0,0.0,0.0,0.3,0.1,3.4,0.0,1.3,11.0,0.0,0.0,0.0,718.0,0.0,0.3,8.1
106,16957,"Jennings, Terrell",NEP,RB,19.9,65.0,0.2,0.2,0.0,0.0,0.0,0.0,0.0,0.3,0.1,1.3,0.0,0.2,2.0,0.0,0.0,0.0,64.0,0.0,1.5,8.0
107,17486,"Miller, Jam",NEP,RB,25.9,78.0,0.0,0.0,0.0,0.0,0.0,0.0,0.0,0.3,0.2,4.2,0.0,1.9,5.0,0.0,0.0,0.0,367.0,0.4,1.5,7.5
108,15713,"Ford, Jerome",WAS,RB,9.5,20.0,0.0,0.0,0.0,0.0,0.0,0.0,0.0,0.1,0.0,14.6,3.6,11.7,50.0,0.0,0.2,0.1,219.0,0.0,2.0,7.1
109,15650,"Prentice, Adam",DEN,RB,8.5,22.0,0.0,0.0,0.0,0.0,0.0,0.0,0.0,0.1,0.0,7.3,1.2,4.3,44.0,0.0,0.2,0.1,0.0,0.0,2.2,6.6
110,16816,"Brooks, British",HOU,RB,17.4,58.0,0.0,0.0,0.0,0.0,0.0,0.0,0.0,0.2,0.1,0.6,0.0,0.0,0.0,0.0,0.0,0.0,79.0,0.0,4.5,5.8
111,17058,"Brooks, Tahj",CIN,RB,16.4,48.0,0.0,0.0,0.0,0.0,0.0,0.0,0.0,0.2,0.1,2.4,0.0,1.0,9.0,0.0,0.0,0.0,385.0,0.0,0.0,5.7
112,17475,"McGowan, Seth",IND,RB,14.2,50.0,0.0,0.0,0.0,0.0,0.0,0.0,0.0,0.2,0.1,3.7,0.0,1.8,6.0,0.0,0.0,0.0,134.0,0.0,0.0,5.6
113,17056,"Etienne, Trevor",CAR,RB,10.9,46.0,0.0,0.0,0.0,0.0,0.0,0.0,0.0,0.2,0.1,1.1,0.0,1.1,3.0,0.0,0.0,0.0,548.0,0.0,1.1,4.9
114,16613,"Laube, Dylan",LVR,RB,8.5,20.0,0.0,0.0,0.0,0.0,0.0,0.0,0.0,0.1,0.0,3.3,0.0,2.2,14.0,0.0,0.1,0.0,662.0,0.2,0.2,3.2
115,16678,"Vaki, Sione",DET,RB,6.0,22.0,0.0,0.0,0.0,0.0,0.0,0.0,0.0,0.1,0.0,0.7,0.0,0.7,5.0,0.0,0.0,0.0,890.0,0.0,0.0,2.7
116,15730,"Goodson, Tyler",ATL,RB,5.9,25.0,0.0,0.0,0.0,0.0,0.0,0.0,0.0,0.1,0.1,1.5,0.0,0.0,0.0,0.0,0.0,0.0,60.0,0.0,0.0,2.5
117,14805,"Dillon, AJ",CAR,RB,5.8,27.0,0.0,0.0,0.0,0.0,0.0,0.0,0.0,0.1,0.1,1.0,0.0,1.0,9.0,0.0,0.0,0.0,77.0,0.6,0.0,2.5
118,15717,"Pierce, Dameon",PHI,RB,5.7,18.0,0.0,0.0,0.0,0.0,0.0,0.0,0.0,0.1,0.0,0.4,0.0,0.0,0.0,0.0,0.0,0.0,168.0,0.0,0.0,1.9
119,16173,"Gray, Eric",NYG,RB,1.9,9.0,0.0,0.0,0.0,0.0,0.0,0.0,0.0,0.0,0.0,2.2,0.0,2.2,8.0,0.0,0.0,0.0,399.0,0.0,0.0,1.7
120,14420,"Ingold, Alec",LAC,RB,1.0,5.0,0.0,0.0,0.0,0.0,0.0,0.0,0.0,0.0,0.0,3.4,0.0,2.5,12.0,0.0,0.1,0.0,0.0,0.0,0.0,1.7
121,17476,"Singleton, Nicholas",TEN,RB,7.4,17.0,0.0,0.0,0.0,0.0,0.0,0.0,0.0,0.1,0.0,0.8,0.0,0.0,0.0,0.0,0.0,0.0,163.0,0.0,0.0,1.7
122,15733,"Strong Jr., Pierre",GBP,RB,1.6,5.0,0.0,0.0,0.0,0.0,0.0,0.0,0.0,0.0,0.0,3.1,0.0,3.1,9.0,0.0,0.0,0.0,0.0,0.0,0.0,1.5
123,14331,"Johnson, D'Ernest",NEP,RB,9.1,13.0,0.0,0.0,0.0,0.0,0.0,0.0,0.0,0.1,0.0,0.0,0.0,0.0,0.0,0.0,0.0,0.0,305.0,0.0,1.1,1.3
124,15723,"Chandler, Ty",NOS,RB,3.7,8.0,0.0,0.0,0.0,0.0,0.0,0.0,0.0,0.0,0.0,1.0,0.5,0.8,3.0,0.0,0.0,0.0,27.0,0.0,0.5,1.1
125,17348,"Carter, Nathan",ATL,RB,3.6,21.0,0.0,0.0,0.0,0.0,0.0,0.0,0.0,0.1,0.0,0.0,0.0,0.0,0.0,0.0,0.0,0.0,16.0,0.5,0.0,1.1
126,15414,"Nwangwu, Kene",NYJ,RB,2.4,9.0,0.0,0.0,0.0,0.0,0.0,0.0,0.0,0.0,0.0,0.7,0.0,0.0,0.0,0.0,0.0,0.0,590.0,0.0,0.6,0.9
127,16599,"Gore Jr., Frank",BUF,RB,3.2,8.0,0.0,0.0,0.0,0.0,0.0,0.0,0.0,0.0,0.0,0.0,0.0,0.0,0.0,0.0,0.0,0.0,251.0,0.0,1.0,0.8
128,15103,"Gilliam, Reggie",NEP,RB,1.5,3.0,0.0,0.0,0.0,0.0,0.0,0.0,0.0,0.0,0.0,0.2,0.0,0.2,5.0,0.0,0.0,0.0,0.0,0.0,0.6,0.8
129,17307,"Bentley, Ulysses",IND,RB,3.4,5.0,0.0,0.0,0.0,0.0,0.0,0.0,0.0,0.0,0.0,0.0,0.0,0.0,0.0,0.0,0.0,0.0,0.0,0.0,0.0,0.5
130,17063,"Mafah, Phil",DAL,RB,2.0,4.0,0.0,0.0,0.0,0.0,0.0,0.0,0.0,0.0,0.0,0.1,0.0,0.0,0.0,0.0,0.0,0.0,0.0,0.0,0.0,0.4
131,16850,"Saylors, Jacob",DET,RB,1.4,3.0,0.0,0.0,0.0,0.0,0.0,0.0,0.0,0.0,0.0,0.0,0.0,0.0,0.0,0.0,0.0,0.0,815.0,0.0,0.0,0.3
132,17652,"Randall, Adam",BAL,RB,2.2,3.0,0.0,0.0,0.0,0.0,0.0,0.0,0.0,0.0,0.0,2.8,0.0,0.0,0.0,0.0,0.0,0.0,316.0,0.0,0.0,0.3
133,13455,"Ricard, Patrick",NYG,RB,0.8,3.0,0.0,0.0,0.0,0.0,0.0,0.0,0.0,0.0,0.0,0.8,0.0,0.0,0.0,0.0,0.0,0.0,0.0,0.0,0.0,0.3
134,14727,"Reynolds, Craig",NEP,RB,1.6,2.0,0.0,0.0,0.0,0.0,0.0,0.0,0.0,0.0,0.0,0.0,0.0,0.0,0.0,0.0,0.0,0.0,62.0,0.0,0.0,0.2
135,12325,"Burton, Michael",CLE,RB,0.4,1.0,0.0,0.0,0.0,0.0,0.0,0.0,0.0,0.0,0.0,0.0,0.0,0.0,0.0,0.0,0.0,0.0,0.0,0.0,0.4,0.1
136,17359,"Williams, Josh",TBB,RB,0.2,1.0,0.0,0.0,0.0,0.0,0.0,0.0,0.0,0.0,0.0,0.0,0.0,0.0,0.0,0.0,0.0,0.0,257.0,0.0,0.0,0.1
137,14815,"Dallas, DeeJay",JAC,RB,0.6,1.0,0.0,0.0,0.0,0.0,0.0,0.0,0.0,0.0,0.0,0.0,0.0,0.0,0.0,0.0,0.0,0.0,181.0,0.0,0.0,0.1
138,14083,"Homer, Travis",PIT,RB,0.4,-0.8,0.0,0.0,0.0,0.0,0.0,0.0,0.0,0.0,0.0,0.0,0.0,0.0,0.0,0.0,0.0,0.0,0.0,0.0,0.0,-0.1
139,17685,"Heidenreich, Eli",PIT,RB,0.9,-1.8,0.0,0.0,0.0,0.0,0.0,0.0,0.0,0.0,0.0,0.0,0.0,0.0,0.0,0.0,0.0,0.0,0.0,0.0,0.9,-0.2
140,17057,"Edwards, Donovan",MIA,RB,2.7,-2.9,0.0,0.0,0.0,0.0,0.0,0.0,0.0,0.0,0.0,0.0,0.0,0.0,0.0,0.0,0.0,0.0,0.0,0.0,0.0,-0.3
141,15953,"Brown, Brittain",CHI,RB,2.2,-4.4,0.0,0.0,0.0,0.0,0.0,0.0,0.0,0.0,0.0,0.0,0.0,0.0,0.0,0.0,0.0,0.0,0.0,0.0,0.0,-0.4

