Rank,Player ID,Player Name,Team,Position,Tgt,RZTgt,Rec,Rec Yds,Rec TDs,0-9 RecTDs,10-19 RecTDs,20-29 RecTDs,30-39 RecTDs,40-49 RecTDs,50+ RecTDs,>= 50yds,>= 100yds,>= 150yds,>= 200yds,Rush Yds,Rush TDs,Kick Ret Yds,Fum Lost,Scoring Opps,Pts
1,15794,"McBride, Trey",ARI,TE,172.1,32.1,124.9,1252.0,7.4,2.4,4.5,0.5,0.0,0.0,0.0,13.5,3.0,0.8,0.3,1.0,0.5,0.0,0.0,21.1,172.7
2,16641,"Bowers, Brock",LVR,TE,126.2,18.9,87.3,922.0,6.2,2.9,1.2,1.2,0.5,0.0,0.5,11.2,1.8,0.6,0.2,5.0,0.0,0.0,0.0,14.6,130.9
3,17104,"Loveland, Colston",CHI,TE,106.6,16.1,66.8,840.0,5.0,2.6,1.0,0.0,1.1,0.0,0.3,8.8,1.7,0.6,0.2,-2.0,0.0,0.0,0.0,9.3,115.9
4,13674,"Goedert, Dallas",PHI,TE,75.9,15.2,53.1,540.0,8.9,5.3,2.7,0.4,0.4,0.0,0.0,2.2,1.1,0.4,0.1,7.0,0.9,0.0,0.0,13.9,113.1
5,15329,"Pitts, Kyle",ATL,TE,109.2,12.6,72.3,823.0,4.2,2.3,1.0,0.0,0.5,0.5,0.0,5.8,1.6,0.5,0.2,0.0,0.0,0.0,0.0,8.0,107.7
6,13299,"Kittle, George",SFO,TE,76.9,13.6,58.6,722.0,6.1,3.4,2.1,0.1,0.5,0.0,0.0,4.2,1.4,0.5,0.2,-1.3,0.0,0.0,0.8,11.9,107.1
7,13671,"Andrews, Mark",BAL,TE,79.6,17.1,53.8,560.0,7.3,4.0,2.5,0.7,0.0,0.0,0.0,2.2,1.1,0.4,0.1,37.0,0.7,0.0,0.5,14.1,106.2
8,16222,"Kraft, Tucker",GBP,TE,76.8,14.7,54.0,725.0,5.3,2.1,2.9,0.3,0.0,0.0,0.0,2.9,1.4,0.5,0.2,12.0,0.0,0.0,0.0,9.1,105.4
9,14871,"Parkinson, Colby",LAR,TE,66.0,19.4,45.5,588.0,7.6,3.8,2.6,1.3,0.0,0.0,0.0,2.4,1.2,0.4,0.1,0.0,0.0,0.0,0.0,14.8,104.6
10,16214,"LaPorta, Sam",DET,TE,80.3,15.9,59.2,672.0,6.0,3.5,0.6,1.1,0.0,0.4,0.5,2.7,1.3,0.4,0.2,0.0,0.0,0.0,0.0,11.2,103.3
11,17103,"Fannin, Harold",CLE,TE,96.6,10.0,61.6,615.0,5.9,1.7,2.2,1.1,0.9,0.0,0.0,2.5,1.2,0.4,0.2,10.0,1.1,0.0,0.9,9.2,102.5
12,17102,"Warren, Tyler",IND,TE,114.1,22.0,72.3,747.0,3.7,1.5,2.2,0.0,0.0,0.0,0.0,3.0,1.5,0.5,0.2,6.0,0.7,0.0,0.0,17.0,101.7
13,12676,"Henry, Hunter",NEP,TE,95.3,19.7,61.6,715.0,4.6,1.8,0.9,1.4,0.5,0.0,0.0,2.9,1.4,0.5,0.2,0.0,0.0,0.0,0.0,16.7,98.9
14,11244,"Kelce, Travis",KCC,TE,107.9,14.9,73.5,720.0,3.8,1.8,1.0,0.6,0.4,0.0,0.0,4.6,1.4,0.5,0.2,1.0,0.0,0.0,0.4,9.6,95.4
15,16213,"Kincaid, Dalton",BUF,TE,72.3,12.1,50.1,600.0,5.1,0.7,3.1,1.2,0.0,0.0,0.0,2.4,1.2,0.4,0.2,0.0,0.0,0.0,0.0,11.0,90.7
16,14861,"Johnson, Juwan",NOS,TE,93.3,6.8,67.8,777.0,2.3,0.4,1.5,0.0,0.3,0.0,0.0,5.5,1.6,0.5,0.2,0.0,0.0,0.0,1.3,3.6,88.6
17,16723,"Barner, AJ",SEA,TE,64.6,13.0,47.1,467.0,5.8,1.8,3.1,0.8,0.0,0.0,0.0,1.9,0.9,0.3,0.1,9.0,0.5,0.0,0.0,11.4,85.3
18,15798,"Likely, Isaiah",NYG,TE,76.7,14.0,51.1,641.0,3.7,1.7,0.5,1.1,0.0,0.4,0.0,2.6,1.3,0.4,0.2,0.0,0.0,0.0,0.8,10.5,84.6
19,16036,"Tonges, Jake",SFO,TE,67.5,11.7,45.1,435.0,7.4,5.5,0.4,1.5,0.0,0.0,0.0,1.7,0.9,0.3,0.1,0.0,0.0,0.0,1.8,11.1,84.3
20,15799,"Ferguson, Jake",DAL,TE,105.0,18.1,76.0,605.0,4.3,3.5,0.5,0.3,0.0,0.0,0.0,2.4,1.2,0.4,0.2,1.0,0.0,0.0,2.3,13.1,83.4
21,14138,"Hockenson, T.J.",MIN,TE,92.6,13.4,65.5,633.0,3.3,2.7,0.0,0.6,0.0,0.0,0.0,2.5,1.3,0.4,0.2,0.0,0.0,0.0,0.0,7.8,82.8
22,16269,"Strange, Brenton",JAC,TE,85.1,14.8,57.4,625.0,3.3,2.2,0.2,0.9,0.0,0.0,0.0,2.5,1.3,0.4,0.2,0.0,0.0,0.0,0.2,7.2,82.3
23,13772,"Schultz, Dalton",HOU,TE,92.8,9.9,65.4,671.0,2.5,1.7,0.4,0.4,0.0,0.0,0.0,2.7,1.3,0.4,0.2,0.0,0.0,0.0,0.0,6.4,82.3
24,17543,"Sadiq, Kenyon",NYJ,TE,96.2,10.9,67.7,588.0,3.6,3.0,0.5,0.0,0.0,0.0,0.0,2.4,1.2,0.4,0.1,0.0,0.0,0.0,0.0,7.0,81.5
25,17099,"Gadsden, Oronde",LAC,TE,79.3,13.5,52.9,659.0,2.9,2.4,0.3,0.2,0.0,0.0,0.0,2.6,1.3,0.4,0.2,1.0,0.0,0.0,0.9,8.4,81.5
26,15331,"Freiermuth, Pat",PIT,TE,73.4,11.6,51.1,561.0,4.1,1.3,1.6,1.1,0.0,0.0,0.2,2.2,1.1,0.4,0.1,4.0,0.2,0.0,0.5,10.6,81.1
27,15889,"Okonkwo, Chigoziem",WAS,TE,79.9,7.0,53.6,549.0,3.5,2.3,0.0,0.3,0.0,0.9,0.0,2.2,1.1,0.4,0.1,0.0,0.0,0.0,0.0,5.6,76.8
28,13192,"Njoku, David",LAC,TE,63.8,9.5,45.5,468.0,4.6,3.3,1.3,0.0,0.0,0.0,0.0,1.5,0.8,0.3,0.1,0.0,0.0,0.0,0.0,4.6,74.4
29,15802,"Otton, Cade",TBB,TE,79.8,9.3,54.6,559.0,2.7,1.5,1.2,0.0,0.0,0.0,0.0,2.2,1.1,0.4,0.1,0.0,0.0,0.0,0.0,6.6,72.2
30,13672,"Gesicki, Mike",CIN,TE,68.3,9.7,49.5,521.0,3.4,0.5,2.4,0.3,0.0,0.2,0.0,2.1,1.0,0.3,0.1,0.0,0.0,0.0,0.7,7.5,71.2
31,16649,"Johnson, Theo",NYG,TE,63.8,9.0,38.1,511.0,3.2,1.4,0.4,0.0,0.5,0.9,0.0,2.0,1.0,0.3,0.1,0.0,0.0,0.0,0.0,7.0,70.5
32,15797,"Dulcich, Greg",MIA,TE,60.1,13.4,43.9,495.0,4.0,2.0,1.9,0.0,0.0,0.0,0.0,2.0,1.0,0.3,0.1,-8.5,0.0,0.0,1.5,12.1,69.6
33,14143,"Knox, Dawson",BUF,TE,51.7,11.3,36.2,464.0,2.6,0.7,1.9,0.0,0.0,0.0,0.0,1.9,0.9,0.3,0.1,0.0,0.0,0.0,0.0,9.2,63.6
34,17105,"Helm, Gunnar",TEN,TE,61.0,9.3,45.7,427.0,3.3,1.4,0.2,0.0,1.0,0.7,0.0,1.7,0.9,0.3,0.1,1.0,0.0,0.0,0.0,6.4,63.1
35,15332,"Tremble, Tommy",CAR,TE,48.5,8.5,38.4,372.0,3.5,2.7,0.8,0.0,0.0,0.0,0.0,1.5,0.7,0.2,0.1,0.0,0.0,0.0,0.0,5.1,58.1
36,13189,"Engram, Evan",DEN,TE,85.7,10.9,55.0,482.0,1.1,0.0,1.1,0.0,0.0,0.0,0.0,1.9,1.0,0.3,0.1,5.0,0.0,0.0,0.0,4.8,55.5
37,14867,"Kmet, Cole",CHI,TE,47.2,7.5,30.6,325.0,3.0,0.5,1.7,0.8,0.0,0.0,0.0,1.3,0.7,0.2,0.1,1.0,0.0,0.0,0.0,5.8,53.1
38,12678,"Higbee, Tyler",LAR,TE,45.6,11.1,31.5,379.0,1.7,1.6,0.0,0.2,0.0,0.0,0.0,1.5,0.8,0.3,0.1,0.0,0.0,0.0,0.0,4.8,48.3
39,17106,"Taylor, Mason",NYJ,TE,65.9,6.9,43.9,376.0,1.3,1.3,0.0,0.0,0.0,0.0,0.0,1.5,0.8,0.3,0.1,0.0,0.0,0.0,0.0,3.2,45.9
40,15337,"Gray, Noah",KCC,TE,54.0,5.3,33.4,301.0,2.0,1.6,0.2,0.0,0.2,0.0,0.0,1.2,0.6,0.2,0.1,-2.2,0.0,0.0,0.0,3.2,41.6
41,14209,"Oliver, Josh",MIN,TE,28.3,4.6,19.8,225.0,2.5,0.6,1.2,0.0,0.7,0.0,0.0,0.9,0.4,0.1,0.1,0.0,0.0,0.0,0.0,3.6,37.6
42,16216,"Washington, Darnell",PIT,TE,38.0,6.3,28.1,289.0,0.9,0.7,0.2,0.0,0.0,0.0,0.0,1.2,0.6,0.2,0.1,1.0,0.7,0.0,1.1,6.3,36.7
43,15873,"Bellinger, Daniel",TEN,TE,41.6,4.8,27.4,262.0,1.5,0.4,0.0,1.1,0.0,0.0,0.0,1.0,0.5,0.2,0.1,0.0,0.0,0.0,0.0,5.4,35.0
44,16212,"Mayer, Michael",LVR,TE,60.4,7.5,40.0,315.0,0.5,0.5,0.0,0.0,0.0,0.0,0.0,1.3,0.6,0.2,0.1,0.0,0.0,0.0,0.0,4.3,34.3
45,14137,"Fant, Noah",NOS,TE,32.5,2.9,26.4,229.0,1.0,0.0,0.3,0.6,0.0,0.0,0.0,0.9,0.5,0.2,0.1,44.0,0.0,0.0,1.8,4.3,29.6
46,15626,"Wright, Brock",DET,TE,23.6,6.4,16.9,128.0,2.6,2.6,0.0,0.0,0.0,0.0,0.0,0.5,0.3,0.1,0.0,0.0,0.0,0.0,0.0,5.6,28.4
47,12677,"Hooper, Austin",ATL,TE,27.1,4.7,19.4,224.0,1.0,1.0,0.0,0.0,0.0,0.0,0.0,0.9,0.4,0.1,0.1,1.0,0.0,0.0,0.0,3.3,28.3
48,17607,"Raridon, Eli",NEP,TE,33.3,5.1,23.5,236.0,0.7,0.7,0.0,0.0,0.0,0.0,0.0,0.9,0.5,0.2,0.1,0.0,0.0,0.0,0.0,4.2,28.0
49,17213,"Hawes, Jackson",BUF,TE,17.5,2.6,13.4,157.0,2.0,1.3,0.0,0.7,0.0,0.0,0.0,0.6,0.3,0.1,0.0,0.0,0.0,0.0,0.0,4.2,27.7
50,14870,"Trautman, Adam",DEN,TE,27.9,1.6,22.0,208.0,1.1,0.6,0.5,0.0,0.0,0.0,0.0,0.8,0.4,0.1,0.1,0.1,0.0,0.0,0.0,1.6,27.4
51,16643,"Sanders, Ja'Tavion",CAR,TE,34.8,6.1,27.2,196.0,1.1,0.9,0.3,0.0,0.0,0.0,0.0,0.8,0.4,0.1,0.1,1.0,0.0,0.0,0.0,2.1,26.5
52,17109,"Evans, Mitchell",CAR,TE,19.5,4.6,14.7,140.0,1.9,1.9,0.0,0.0,0.0,0.0,0.0,0.6,0.3,0.1,0.0,0.0,0.0,0.0,0.0,3.4,25.4
53,16218,"Durham, Payne",TBB,TE,13.1,4.2,7.3,94.0,2.3,2.3,0.0,0.0,0.0,0.0,0.0,0.4,0.2,0.1,0.0,0.0,0.0,0.0,0.0,3.2,23.4
54,14146,"Sample, Drew",CIN,TE,31.4,2.7,24.6,200.0,0.6,0.6,0.0,0.0,0.0,0.0,0.0,0.8,0.4,0.1,0.1,1.0,0.0,0.0,0.2,2.3,23.4
55,17107,"Ferguson, Terrance",LAR,TE,29.3,6.9,9.1,155.0,1.2,0.7,0.0,0.0,0.5,0.0,0.0,0.6,0.3,0.1,0.0,0.0,0.0,0.0,0.0,6.5,22.9
56,15541,"Stoll, Jack",CLE,TE,28.6,3.6,17.3,128.0,1.6,1.1,0.5,0.0,0.0,0.0,0.0,0.5,0.3,0.1,0.0,0.0,0.0,0.0,0.0,2.4,22.7
57,16644,"Sinnott, Ben",WAS,TE,14.0,1.2,12.4,154.0,1.2,1.2,0.0,0.0,0.0,0.0,0.0,0.6,0.3,0.1,0.0,0.0,0.0,0.0,0.0,1.2,22.5
58,15335,"Farrell, Luke",SFO,TE,20.5,4.3,14.1,106.0,2.2,1.1,1.0,0.0,0.0,0.0,0.0,0.4,0.2,0.1,0.0,0.0,0.0,0.0,0.8,3.2,21.9
59,16647,"Spann-Ford, Brevyn",DAL,TE,18.5,1.8,11.6,138.0,1.2,1.2,0.0,0.0,0.0,0.0,0.0,0.6,0.3,0.1,0.0,0.0,0.0,0.0,0.0,1.2,21.2
60,14370,"Hudson, Tanner",CIN,TE,25.8,1.6,22.2,195.0,0.3,0.0,0.3,0.0,0.0,0.0,0.0,0.8,0.4,0.1,0.1,0.0,0.0,0.0,0.0,1.4,21.0
61,13246,"Alie-Cox, Mo",IND,TE,24.4,6.1,14.9,135.0,1.1,0.9,0.2,0.0,0.0,0.0,0.0,0.5,0.3,0.1,0.0,0.0,0.0,0.0,0.0,2.9,20.0
62,17108,"Arroyo, Elijah",SEA,TE,27.8,5.3,14.8,155.0,0.7,0.0,0.0,0.7,0.0,0.0,0.0,0.6,0.3,0.1,0.0,0.0,0.0,0.0,0.6,2.8,20.0
63,17591,"Boerkircher, Nate",JAC,TE,22.8,5.4,12.3,130.0,1.3,1.3,0.0,0.0,0.0,0.0,0.0,0.5,0.3,0.1,0.0,0.0,0.0,0.0,0.5,1.7,19.8
64,15916,"Ogletree, Drew",IND,TE,18.9,1.7,11.5,141.0,0.9,0.9,0.0,0.0,0.0,0.0,0.0,0.6,0.3,0.1,0.0,0.0,0.0,0.0,0.0,0.9,19.5
65,16333,"Higgins, Elijah",ARI,TE,32.0,3.5,24.0,203.0,0.0,0.0,0.0,0.0,0.0,0.0,0.0,0.8,0.4,0.1,0.1,0.0,0.0,0.0,0.7,1.9,19.0
66,16221,"Schoonmaker, Luke",DAL,TE,28.4,2.2,18.9,177.0,0.2,0.0,0.0,0.2,0.0,0.0,0.0,0.7,0.4,0.1,0.0,0.0,0.0,0.0,0.0,1.3,18.7
67,15796,"Ruckert, Jeremy",NYJ,TE,27.3,2.4,20.5,155.0,0.5,0.5,0.0,0.0,0.0,0.0,0.0,0.6,0.3,0.1,0.0,0.0,0.0,0.0,0.0,1.5,18.7
68,16312,"Whyle, Josh",GBP,TE,13.3,1.8,9.6,78.0,1.8,1.8,0.0,0.0,0.0,0.0,0.0,0.3,0.2,0.1,0.0,0.0,0.0,0.0,0.0,1.8,18.6
69,17648,"Nowakowski, Riley",PIT,TE,15.0,0.7,10.0,73.0,0.0,0.0,0.0,0.0,0.0,0.0,0.0,0.3,0.1,0.1,0.0,38.0,0.8,0.0,0.0,2.4,17.0
70,14341,"Parham, Donald",PIT,TE,14.2,0.7,9.5,70.0,0.0,0.0,0.0,0.0,0.0,0.0,0.0,0.3,0.1,0.1,0.0,36.0,0.7,0.0,0.0,2.3,16.2
71,17419,"Latu, Keleki",BUF,TE,17.4,0.4,13.0,157.0,0.0,0.0,0.0,0.0,0.0,0.0,0.0,0.6,0.3,0.1,0.0,0.0,0.0,0.0,0.0,0.8,15.7
72,13676,"Smythe, Durham",BAL,TE,23.0,2.2,15.1,152.0,0.0,0.0,0.0,0.0,0.0,0.0,0.0,0.6,0.3,0.1,0.0,0.0,0.0,0.0,0.0,0.3,15.2
73,16831,"Martin-Robinson, David",TEN,TE,12.0,1.4,10.0,70.0,1.4,1.4,0.0,0.0,0.0,0.0,0.0,0.3,0.1,0.1,0.0,0.0,0.0,0.0,0.0,1.4,15.1
74,17605,"Kacmarek, Will",MIA,TE,21.8,2.2,15.2,155.0,0.0,0.0,0.0,0.0,0.0,0.0,0.0,0.6,0.3,0.1,0.0,3.0,0.0,0.0,0.8,0.7,15.1
75,16113,"Smartt, Stone",PHI,TE,17.9,1.2,14.0,150.0,0.0,0.0,0.0,0.0,0.0,0.0,0.0,0.6,0.3,0.1,0.0,0.0,0.0,0.0,0.0,0.0,15.0
76,16215,"Musgrave, Luke",GBP,TE,23.5,0.7,15.6,148.0,0.0,0.0,0.0,0.0,0.0,0.0,0.0,0.6,0.3,0.1,0.0,0.0,0.0,0.0,0.0,0.4,14.8
77,13427,"Tonyan, Robert",PIT,TE,11.3,0.6,7.9,55.0,0.0,0.0,0.0,0.0,0.0,0.0,0.0,0.2,0.1,0.0,0.0,33.0,0.7,0.0,0.0,2.0,13.8
78,13675,"Conklin, Tyler",DET,TE,14.9,1.6,8.7,104.0,0.5,0.5,0.0,0.0,0.0,0.0,0.0,0.4,0.2,0.1,0.0,1.0,0.0,0.0,0.0,1.6,13.7
79,13678,"Thomas, Ian",LVR,TE,15.0,0.6,13.1,136.0,0.0,0.0,0.0,0.0,0.0,0.0,0.0,0.5,0.3,0.1,0.0,0.0,0.0,0.0,0.0,0.0,13.6
80,15344,"Bates, John",WAS,TE,21.5,2.4,14.2,139.0,0.1,0.1,0.0,0.0,0.0,0.0,0.0,0.6,0.3,0.1,0.0,0.0,0.0,0.0,0.5,2.4,13.5
81,14239,"Moreau, Foster",HOU,TE,25.0,3.5,16.7,133.0,0.0,0.0,0.0,0.0,0.0,0.0,0.0,0.5,0.3,0.1,0.0,2.0,0.0,0.0,0.0,2.8,13.4
82,16642,"Stover, Cade",HOU,TE,30.3,6.5,18.9,110.0,0.0,0.0,0.0,0.0,0.0,0.0,0.0,0.4,0.2,0.1,0.0,20.0,0.0,0.0,0.0,4.3,13.0
83,15795,"Kolar, Charlie",LAC,TE,10.6,1.3,6.1,92.0,0.5,0.0,0.5,0.0,0.0,0.0,0.0,0.4,0.2,0.1,0.0,0.0,0.0,0.0,0.0,1.3,12.5
84,16645,"All, Erick",CIN,TE,21.5,1.7,13.9,123.0,0.0,0.0,0.0,0.0,0.0,0.0,0.0,0.5,0.2,0.1,0.0,2.0,0.0,0.0,0.0,0.0,12.4
85,17627,"Hibner, Matthew",BAL,TE,13.6,2.9,8.1,119.0,0.0,0.0,0.0,0.0,0.0,0.0,0.0,0.5,0.2,0.1,0.0,0.0,0.0,0.0,0.0,2.0,11.9
86,15334,"Long, Hunter",JAC,TE,11.0,1.3,7.5,53.0,1.1,1.1,0.0,0.0,0.0,0.0,0.0,0.2,0.1,0.0,0.0,0.0,0.0,0.0,0.0,1.3,11.8
87,16706,"Reiman, Tip",ARI,TE,22.1,3.8,15.0,117.0,0.1,0.1,0.0,0.0,0.0,0.0,0.0,0.5,0.2,0.1,0.0,0.0,0.0,0.0,0.4,1.8,11.6
88,15804,"Calcaterra, Grant",PHI,TE,20.2,2.4,13.3,98.0,0.3,0.0,0.3,0.0,0.0,0.0,0.0,0.4,0.2,0.1,0.0,0.0,0.0,0.0,0.0,0.5,11.4
89,16474,"Adkins, Nate",DEN,TE,18.6,2.7,12.6,97.0,0.3,0.0,0.3,0.0,0.0,0.0,0.0,0.4,0.2,0.1,0.0,0.0,0.0,0.0,0.0,1.4,11.2
90,15909,"Mitchell, James",CAR,TE,12.2,1.6,8.8,89.0,0.3,0.3,0.0,0.0,0.0,0.0,0.0,0.4,0.2,0.1,0.0,0.0,0.0,0.0,0.0,0.6,10.6
91,15925,"FitzPatrick, John",GBP,TE,14.6,3.1,10.7,66.0,0.5,0.5,0.0,0.0,0.0,0.0,0.0,0.3,0.1,0.0,0.0,0.0,0.0,0.0,0.0,2.2,9.7
92,16979,"Grandy, Cam",CIN,TE,17.0,1.6,12.4,90.0,0.0,0.0,0.0,0.0,0.0,0.0,0.0,0.4,0.2,0.1,0.0,3.0,0.0,0.0,0.0,0.8,9.2
93,17544,"Stowers, Eli",PHI,TE,15.2,1.1,11.0,76.0,0.0,0.0,0.0,0.0,0.0,0.0,0.0,0.3,0.2,0.1,0.0,0.0,0.0,0.0,0.0,0.0,7.8
94,12955,"Manhertz, Chris",NYG,TE,8.0,1.8,5.1,55.0,0.3,0.3,0.0,0.0,0.0,0.0,0.0,0.2,0.1,0.0,0.0,0.0,0.0,0.0,0.0,1.8,7.5
95,15419,"Granson, Kylen",TEN,TE,22.5,2.9,9.1,67.0,0.0,0.0,0.0,0.0,0.0,0.0,0.0,0.3,0.1,0.0,0.0,0.0,0.0,0.0,0.0,1.1,6.7
96,14984,"Woerner, Charlie",ATL,TE,15.1,1.2,10.3,62.0,0.0,0.0,0.0,0.0,0.0,0.0,0.0,0.2,0.1,0.0,0.0,0.0,0.0,0.0,0.0,0.0,6.2
97,13994,"Brown, Pharaoh",ARI,TE,15.4,3.1,10.2,56.0,0.0,0.0,0.0,0.0,0.0,0.0,0.0,0.2,0.1,0.0,0.0,0.0,0.0,0.0,0.0,2.5,5.6
98,17375,"Mitchell-Paden, Zaire",NOS,TE,7.4,0.0,5.1,46.0,0.0,0.0,0.0,0.0,0.0,0.0,0.0,0.2,0.1,0.0,0.0,11.0,0.0,0.0,0.4,0.8,4.8
99,13315,"Saubert, Eric",SEA,TE,9.2,5.0,6.6,42.0,0.0,0.0,0.0,0.0,0.0,0.0,0.0,0.2,0.1,0.0,0.0,0.0,0.0,0.0,0.0,2.6,4.2
100,17285,"Yurosek, Ben",MIN,TE,5.6,0.6,4.9,41.0,0.0,0.0,0.0,0.0,0.0,0.0,0.0,0.2,0.1,0.0,0.0,0.0,0.0,0.0,0.0,0.0,4.1
101,17547,"Klare, Max",LAR,TE,6.6,1.7,4.5,40.0,0.0,0.0,0.0,0.0,0.0,0.0,0.0,0.2,0.1,0.0,0.0,0.0,0.0,0.0,0.0,1.7,4.0
102,17655,"Traore, Seydou",MIA,TE,10.1,0.5,5.6,40.0,0.0,0.0,0.0,0.0,0.0,0.0,0.0,0.2,0.1,0.0,0.0,0.0,0.0,0.0,0.0,0.5,4.0
103,17644,"Koziol, Tanner",JAC,TE,7.4,0.6,3.9,34.0,0.0,0.0,0.0,0.0,0.0,0.0,0.0,0.1,0.1,0.0,0.0,0.0,0.0,0.0,0.0,0.6,3.4
104,16646,"Bell, Jaheim",PIT,TE,3.2,0.3,0.7,11.0,0.0,0.0,0.0,0.0,0.0,0.0,0.0,0.1,0.0,0.0,0.0,20.0,0.0,0.0,0.0,0.3,3.2
105,13940,"Mundt, Johnny",PHI,TE,5.8,0.0,3.1,31.0,0.0,0.0,0.0,0.0,0.0,0.0,0.0,0.1,0.1,0.0,0.0,0.0,0.0,0.0,0.0,0.0,3.1
106,16796,"Culp, Devin",TBB,TE,2.2,1.0,1.7,29.0,0.0,0.0,0.0,0.0,0.0,0.0,0.0,0.1,0.1,0.0,0.0,0.0,0.0,0.0,0.0,0.5,2.9
107,17567,"Delp, Oscar",NOS,TE,6.9,0.0,4.3,37.0,0.0,0.0,0.0,0.0,0.0,0.0,0.0,0.1,0.1,0.0,0.0,4.0,0.0,0.0,0.6,0.0,2.9
108,17549,"Roush, Sam",CHI,TE,9.9,2.1,3.4,27.0,0.0,0.0,0.0,0.0,0.0,0.0,0.0,0.1,0.1,0.0,0.0,2.0,0.0,0.0,0.0,1.5,2.9
109,16447,"Vokolek, Travis",ARI,TE,9.3,0.7,4.7,28.0,0.0,0.0,0.0,0.0,0.0,0.0,0.0,0.1,0.1,0.0,0.0,0.0,0.0,0.0,0.0,0.0,2.8
110,17259,"Matavao, Moliki",NOS,TE,7.8,0.0,0.6,3.0,0.0,0.0,0.0,0.0,0.0,0.0,0.0,0.0,0.0,0.0,0.0,24.0,0.0,0.0,0.0,2.6,2.7
111,17566,"Royer, Joe",CLE,TE,8.2,0.6,1.4,26.0,0.0,0.0,0.0,0.0,0.0,0.0,0.0,0.1,0.1,0.0,0.0,0.0,0.0,0.0,0.0,0.0,2.6
112,17548,"Joly, Justin",DEN,TE,11.9,0.0,5.0,19.0,0.0,0.0,0.0,0.0,0.0,0.0,0.0,0.1,0.0,0.0,0.0,0.0,0.0,0.0,0.0,0.5,1.9
113,17641,"Bredeson, Max",MIN,TE,3.1,0.8,2.3,18.0,0.0,0.0,0.0,0.0,0.0,0.0,0.0,0.1,0.0,0.0,0.0,0.0,0.0,0.0,0.0,0.0,1.8
114,16483,"Sims, Ben",MIA,TE,2.4,0.4,1.3,15.0,0.0,0.0,0.0,0.0,0.0,0.0,0.0,0.1,0.0,0.0,0.0,0.0,0.0,0.0,0.0,0.4,1.5
115,16220,"Mallory, Will",IND,TE,7.5,0.0,2.2,15.0,0.0,0.0,0.0,0.0,0.0,0.0,0.0,0.1,0.0,0.0,0.0,0.0,0.0,0.0,0.0,0.0,1.5
116,16093,"Miller, Dre",GBP,TE,5.8,0.0,3.6,14.0,0.0,0.0,0.0,0.0,0.0,0.0,0.0,0.1,0.0,0.0,0.0,0.0,0.0,0.0,0.0,0.0,1.4
117,14060,"Jackson, Tyree",WAS,TE,4.5,0.0,1.7,10.0,0.0,0.0,0.0,0.0,0.0,0.0,0.0,0.0,0.0,0.0,0.0,0.0,0.0,0.0,0.0,0.0,1.0
118,16898,"Yankoff, Colson",WAS,TE,2.4,0.0,0.4,5.0,0.0,0.0,0.0,0.0,0.0,0.0,0.0,0.0,0.0,0.0,0.0,0.0,0.0,0.0,0.0,0.0,0.5
119,16839,"Westover, Jack",NEP,TE,2.6,0.0,0.5,4.0,0.0,0.0,0.0,0.0,0.0,0.0,0.0,0.0,0.0,0.0,0.0,0.0,0.0,0.0,0.0,0.0,0.4
120,16648,"Wiley, Jared",KCC,TE,4.2,0.8,2.7,3.0,0.0,0.0,0.0,0.0,0.0,0.0,0.0,0.0,0.0,0.0,0.0,0.0,0.0,0.0,0.0,0.8,0.3
121,15244,"Franks, Feleipe",CAR,TE,0.0,0.0,0.0,0.0,0.0,0.0,0.0,0.0,0.0,0.0,0.0,0.0,0.0,0.0,0.0,3.0,0.0,0.0,0.0,0.0,0.3
122,16940,"Whiteheart, Blake",CLE,TE,10.7,0.0,2.4,3.0,0.0,0.0,0.0,0.0,0.0,0.0,0.0,0.0,0.0,0.0,0.0,0.0,0.0,0.0,0.0,0.0,0.3
123,15840,"Woods, Jelani",NYJ,TE,0.2,0.0,0.1,1.0,0.0,0.0,0.0,0.0,0.0,0.0,0.0,0.0,0.0,0.0,0.0,0.0,0.0,0.0,0.0,0.0,0.1
124,17414,"Kallerup, Nick",SEA,TE,2.8,2.0,0.1,0.0,0.0,0.0,0.0,0.0,0.0,0.0,0.0,0.0,0.0,0.0,0.0,0.0,0.0,0.0,0.0,0.1,0.0
125,17442,"Dabney, Drake",GBP,TE,0.1,0.1,0.1,0.0,0.0,0.0,0.0,0.0,0.0,0.0,0.0,0.0,0.0,0.0,0.0,0.0,0.0,0.0,0.0,0.1,0.0
126,15330,"Jordan, Brevin",HOU,TE,0.1,0.0,0.0,0.0,0.0,0.0,0.0,0.0,0.0,0.0,0.0,0.0,0.0,0.0,0.0,0.0,0.0,0.0,0.0,0.0,0.0
127,17651,"Cuevas, Josh",BAL,TE,0.0,0.0,0.0,0.0,0.0,0.0,0.0,0.0,0.0,0.0,0.0,0.0,0.0,0.0,0.0,0.0,0.0,0.0,0.0,0.0,0.0

